Date,AMD,META,MSFT,NVDA,PLTR
2022-09-16,76.51000213623047,145.4918212890625,238.799560546875,13.18216323852539,7.78000020980835
2022-09-19,76.7699966430664,147.21240234375,238.58486938476562,13.365943908691406,7.860000133514404
2022-09-20,75.25,145.29290771484375,236.56512451171875,13.160189628601074,7.619999885559082
2022-09-21,74.4800033569336,141.34457397460938,233.1501007080078,13.245086669921875,7.690000057220459
2022-09-22,69.5,142.04075622558594,235.1308135986328,12.545926094055176,7.369999885559082
2022-09-23,67.95999908447266,139.64393615722656,232.1450958251953,12.50097942352295,7.400000095367432
2022-09-26,66.30000305175781,135.6259307861328,231.68650817871094,12.213326454162598,7.53000020980835
2022-09-27,67.16999816894531,133.6667022705078,230.67173767089844,12.398104667663574,7.630000114440918
2022-09-28,68.36000061035156,140.8373565673828,235.21864318847656,12.720718383789062,7.940000057220459
2022-09-29,64.13999938964844,135.6657257080078,231.73526000976562,12.205337524414062,8.079999923706055
2022-09-30,63.36000061035156,134.93971252441406,227.24691772460938,12.124432563781738,8.130000114440918
2022-10-03,66.11000061035156,137.8537139892578,234.89663696289062,12.496986389160156,8.239999771118164
2022-10-04,67.9000015258789,139.51461791992188,242.8390655517578,13.15119743347168,8.460000038146973
2022-10-05,67.94000244140625,138.22169494628906,243.15127563476562,13.193148612976074,8.420000076293945
2022-10-06,67.8499984741211,138.31121826171875,240.79977416992188,13.11424446105957,8.470000267028809
2022-10-07,58.439998626708984,132.7218780517578,228.55442810058594,12.06151008605957,8.149999618530273
2022-10-10,57.810001373291016,133.0600128173828,223.68551635742188,11.655996322631836,8.0600004196167
2022-10-11,57.630001068115234,127.83866119384766,219.93873596191406,11.572097778320312,8.039999961853027
2022-10-12,57.849998474121094,126.80435180664062,220.27047729492188,11.486200332641602,8.069999694824219
2022-10-13,58.939998626708984,129.57911682128906,228.55442810058594,11.945648193359375,8.079999923706055
2022-10-14,55.939998626708984,126.0683822631836,223.01226806640625,11.213528633117676,7.53000020980835
2022-10-17,57.959999084472656,133.30865478515625,231.76455688476562,11.873734474182129,7.940000057220459
2022-10-18,57.91999816894531,132.075439453125,232.71099853515625,11.95263957977295,8.15999984741211
2022-10-19,57.22999954223633,132.50308227539062,230.7400360107422,12.036538124084473,7.909999847412109
2022-10-20,57.77000045776367,130.81236267089844,230.41807556152344,12.179367065429688,8.039999961853027
2022-10-21,58.81999969482422,129.30064392089844,236.2431182861328,12.451041221618652,8.289999961853027
2022-10-24,58.70000076293945,129.01222229003906,241.2486114501953,12.583881378173828,8.270000457763672
2022-10-25,61.470001220703125,136.7597198486328,244.5758819580078,13.245086669921875,8.65999984741211
2022-10-26,59.72999954223633,129.1116943359375,225.70530700683594,12.880523681640625,8.569999694824219
2022-10-27,58.599998474121094,97.40563201904297,221.24623107910156,13.160189628601074,8.600000381469727
2022-10-28,62.0099983215332,98.65874481201172,230.1448211669922,13.817399978637695,8.640000343322754
2022-10-31,60.060001373291016,92.6517105102539,226.49559020996094,13.480803489685059,8.789999961853027
2022-11-01,59.65999984741211,94.68057250976562,222.6317596435547,13.526748657226562,8.649999618530273
2022-11-02,58.630001068115234,90.04600524902344,214.7576141357422,13.203137397766113,8.220000267028809
2022-11-03,60.11000061035156,88.42488861083984,209.04962158203125,13.404894828796387,8.079999923706055
2022-11-04,62.189998626708984,90.29463195800781,216.01632690429688,14.139012336730957,7.929999828338623
2022-11-07,63.08000183105469,96.1922836303711,222.3390350341797,14.283838272094727,7.019999980926514
2022-11-08,63.849998474121094,95.94363403320312,223.31475830078125,14.584478378295898,7.210000038146973
2022-11-09,59.91999816894531,100.91636657714844,219.06056213378906,13.759469032287598,6.980000019073486
2022-11-10,68.47000122070312,111.2596206665039,237.08226013183594,15.731101036071777,7.639999866485596
2022-11-11,72.37000274658203,112.40335083007812,241.1119842529297,16.307405471801758,8.40999984741211
2022-11-14,73.52999877929688,113.59679412841797,235.68698120117188,16.275447845458984,8.100000381469727
2022-11-15,76.37000274658203,116.44119262695312,236.09678649902344,16.645999908447266,8.34000015258789
2022-11-16,72.69999694824219,112.6122055053711,236.52728271484375,15.890908241271973,8.0600004196167
2022-11-17,73.9000015258789,110.84190368652344,236.47836303710938,15.658188819885254,7.619999885559082
2022-11-18,73.56999969482422,111.43863677978516,236.02825927734375,15.390509605407715,7.389999866485596
2022-11-21,72.45999908447266,109.26058197021484,236.8404083251953,15.298620223999023,7.190000057220459
2022-11-22,75.25,110.83196258544922,239.75628662109375,16.018753051757812,7.21999979019165
2022-11-23,76.4000015258789,111.62760162353516,242.2513885498047,16.499174118041992,7.369999885559082
2022-11-25,75.13999938964844,110.80213165283203,242.163330078125,16.250476837158203,7.28000020980835
2022-11-28,73.19000244140625,108.18647766113281,236.55665588378906,15.808009147644043,7.159999847412109
2022-11-29,73.38999938964844,108.8627700805664,235.1574249267578,15.620232582092285,7.079999923706055
2022-11-30,77.62999725341797,117.45562744140625,249.648681640625,16.907018661499023,7.5
2022-12-01,77.4800033569336,119.78287506103516,249.2083740234375,17.118816375732422,7.860000133514404
2022-12-02,74.9800033569336,122.81621551513672,249.53128051757812,16.860061645507812,7.659999847412109
2022-12-05,73.62000274658203,121.76200103759766,244.8150177001953,16.594314575195312,7.190000057220459
2022-12-06,70.2699966430664,113.49734497070312,239.8443145751953,15.971900939941406,6.989999771118164
2022-12-07,70.13999938964844,113.3083724975586,239.11045837402344,16.104778289794922,7.070000171661377
2022-12-08,70.47000122070312,114.70075225830078,242.07528686523438,17.152788162231445,7.119999885559082
2022-12-09,68.58999633789062,115.26763916015625,240.13787841796875,16.984943389892578,7.110000133514404
2022-12-12,70.66999816894531,114.08411407470703,247.07525634765625,17.51844024658203,7.289999961853027
2022-12-13,71.6500015258789,119.49444580078125,251.390380859375,18.054933547973633,7.5
2022-12-14,68.93000030517578,120.92658233642578,251.68394470214844,17.65730857849121,7.349999904632568
2022-12-15,66.52999877929688,115.51627349853516,243.65061950683594,16.93598747253418,7.010000228881836
2022-12-16,65.41000366210938,118.77837371826172,239.42361450195312,16.555349349975586,6.900000095367432
2022-12-19,64.58999633789062,113.85538482666016,235.2748260498047,16.238649368286133,6.349999904632568
2022-12-20,65.05000305175781,116.45113372802734,236.59579467773438,16.069807052612305,6.309999942779541
2022-12-21,67.68000030517578,119.10657501220703,239.16917419433594,16.485414505004883,6.5
2022-12-22,63.86000061035156,116.48098754882812,233.06350708007812,15.324512481689453,6.320000171661377
2022-12-23,64.5199966430664,117.39595031738281,233.5918731689453,15.19163990020752,6.289999961853027
2022-12-27,63.27000045776367,116.2422866821289,231.8599853515625,14.107664108276367,6.0
2022-12-28,62.56999969482422,114.9891586303711,229.4822540283203,14.022744178771973,6.070000171661377
2022-12-29,64.81999969482422,119.60385131835938,235.8227996826172,14.589207649230957,6.400000095367432
2022-12-30,64.7699966430664,119.68339538574219,234.65841674804688,14.600197792053223,6.420000076293945
2023-01-03,64.0199966430664,124.05940246582031,234.42361450195312,14.301478385925293,6.389999866485596
2023-01-04,64.66000366210938,126.675048828125,224.1691436767578,14.73507022857666,6.579999923706055
2023-01-05,62.33000183105469,126.24739837646484,217.5252685546875,14.251526832580566,6.320000171661377
2023-01-06,63.959999084472656,129.3105926513672,220.0888671875,14.844964981079102,6.400000095367432
2023-01-09,67.23999786376953,128.76358032226562,222.2317352294922,15.613239288330078,6.5
2023-01-10,68.05000305175781,132.264404296875,223.92449951171875,15.893975257873535,6.699999809265137
2023-01-11,69.05999755859375,132.16493225097656,230.69561767578125,15.985886573791504,6.980000019073486
2023-01-12,70.80000305175781,135.964111328125,233.37661743164062,16.495407104492188,7.010000228881836
2023-01-13,71.0,136.23260498046875,234.08108520507812,16.883041381835938,6.960000038146973
2023-01-17,71.58999633789062,134.6214599609375,235.177001953125,17.685285568237305,7.070000171661377
2023-01-18,70.52999877929688,132.2942352294922,230.7346954345703,17.360591888427734,6.900000095367432
2023-01-19,67.70999908447266,135.40716552734375,226.93820190429688,16.74916648864746,6.730000019073486
2023-01-20,70.06999969482422,138.60958862304688,235.04978942871094,17.822153091430664,7.019999980926514
2023-01-23,76.52999877929688,142.48831176757812,237.35902404785156,19.17487335205078,7.380000114440918
2023-01-24,74.69999694824219,142.3590087890625,236.8306427001953,19.24680519104004,7.019999980926514
2023-01-25,74.91000366210938,140.72796630859375,235.43142700195312,19.304750442504883,7.21999979019165
2023-01-26,75.16000366210938,146.49632263183594,242.662353515625,19.78329849243164,7.239999771118164
2023-01-27,75.4000015258789,150.91209411621094,242.8189239501953,20.345766067504883,7.550000190734863
2023-01-30,72.44999694824219,146.2576141357422,237.48622131347656,19.143903732299805,7.369999885559082
2023-01-31,75.1500015258789,148.15719604492188,242.47645568847656,19.51854705810547,7.78000020980835
2023-02-01,84.63999938964844,152.2845458984375,247.31011962890625,20.923219680786133,8.199999809265137
2023-02-02,88.30999755859375,187.74005126953125,258.9051208496094,21.68849754333496,8.989999771118164
2023-02-03,86.08999633789062,185.51226806640625,252.7895965576172,21.08007049560547,8.40999984741211
2023-02-06,83.68000030517578,185.04483032226562,251.24356079101562,21.069080352783203,8.3100004196167
2023-02-07,85.91000366210938,190.57449340820312,261.8013610839844,22.152061462402344,8.329999923706055
2023-02-08,84.69000244140625,182.42916870117188,260.9892272949219,22.18402862548828,8.220000267028809
2023-02-09,83.20999908447266,176.94923400878906,257.9461669921875,22.31590461730957,7.949999809265137
2023-02-10,81.4800033569336,173.19979858398438,257.43731689453125,21.244916915893555,7.510000228881836
2023-02-13,83.12999725341797,178.45101928710938,265.48046875,21.76742172241211,7.610000133514404
2023-02-14,85.94999694824219,178.500732421875,266.31219482421875,22.94930648803711,9.220000267028809
2023-02-15,85.18000030517578,176.19338989257812,264.1835632324219,22.74250030517578,10.109999656677246
2023-02-16,80.08000183105469,171.4991455078125,257.15032958984375,21.98122215270996,9.710000038146973
2023-02-17,78.5,171.93675231933594,253.13827514648438,21.367799758911133,9.199999809265137
2023-02-21,76.7699966430664,171.14111328125,247.85107421875,20.635494232177734,8.470000267028809
2023-02-22,76.61000061035156,170.1863250732422,246.71319580078125,20.73439598083496,8.359999656677246
2023-02-23,79.75,171.101318359375,249.91102600097656,23.641647338867188,8.170000076293945
2023-02-24,78.08999633789062,169.4603271484375,244.4668731689453,23.264005661010742,8.09000015258789
2023-02-27,78.7699966430664,168.614990234375,245.38897705078125,23.478805541992188,8.029999732971191
2023-02-28,78.58000183105469,173.9855194091797,244.66305541992188,23.194072723388672,7.840000152587891
2023-03-01,78.29000091552734,172.47381591796875,241.5731658935547,22.676565170288086,7.690000057220459
2023-03-02,80.44000244140625,173.57772827148438,246.32083129882812,23.29197883605957,7.96999979019165
2023-03-03,81.5199966430664,184.23924255371094,250.42111206054688,23.867435455322266,8.329999923706055
2023-03-06,81.16000366210938,183.8911590576172,251.97097778320312,23.531753540039062,8.279999732971191
2023-03-07,82.11000061035156,183.50328063964844,249.30284118652344,23.269956588745117,8.279999732971191
2023-03-08,85.37000274658203,183.9607696533203,248.86143493652344,24.162267684936523,8.130000114440918
2023-03-09,84.02999877929688,180.6986846923828,247.50778198242188,23.4178466796875,7.690000057220459
2023-03-10,82.66999816894531,178.5305633544922,243.84890747070312,22.947208404541016,7.349999904632568
2023-03-13,82.01000213623047,179.9129638671875,249.07723999023438,22.94820785522461,7.869999885559082
2023-03-14,87.44999694824219,192.96139526367188,255.81622314453125,24.044355392456055,7.889999866485596
2023-03-15,89.68000030517578,196.67103576660156,260.3775634765625,24.209228515625,7.900000095367432
2023-03-16,96.5999984741211,203.81185913085938,270.9323425292969,25.521209716796875,7.980000019073486
2023-03-17,97.83999633789062,194.542724609375,274.1007080078125,25.705066680908203,7.880000114440918
2023-03-20,96.80999755859375,196.73072814941406,267.0380554199219,25.879934310913086,8.079999923706055
2023-03-21,95.93000030517578,201.05699157714844,268.5584716796875,26.178701400756836,8.449999809265137
2023-03-22,97.58000183105469,198.71978759765625,267.0968933105469,26.447492599487305,8.210000038146973
2023-03-23,100.27999877929688,203.16542053222656,272.364501953125,27.169931411743164,8.329999923706055
2023-03-24,97.94999694824219,204.88597106933594,275.2189636230469,26.75825309753418,8.199999809265137
2023-03-27,96.61000061035156,201.7332763671875,271.10888671875,26.51044464111328,8.039999961853027
2023-03-28,94.55999755859375,199.58505249023438,269.9808349609375,26.38953971862793,8.0
2023-03-29,96.08999633789062,204.22959899902344,275.1601257324219,26.963092803955078,8.220000267028809
2023-03-30,97.87999725341797,206.70599365234375,278.63262939453125,27.361785888671875,8.149999618530273
2023-03-31,98.01000213623047,210.78363037109375,282.80157470703125,27.75547981262207,8.449999809265137
2023-04-03,96.55999755859375,211.907470703125,281.7519836425781,27.943334579467773,8.380000114440918
2023-04-04,95.87000274658203,213.5484619140625,281.7029113769531,27.43172836303711,8.350000381469727
2023-04-05,92.55999755859375,210.32614135742188,278.9170837402344,26.86017417907715,7.980000019073486
2023-04-06,92.47000122070312,214.9209442138672,286.03863525390625,27.016054153442383,8.09000015258789
2023-04-10,95.4800033569336,213.5782928466797,283.8707580566406,27.557632446289062,8.390000343322754
2023-04-11,94.02999877929688,212.6832275390625,277.4358215332031,27.147951126098633,8.609999656677246
2023-04-12,92.33000183105469,212.83238220214844,278.0832824707031,26.474470138549805,8.329999923706055
2023-04-13,92.08999633789062,219.1477508544922,284.3122253417969,26.44249725341797,8.579999923706055
2023-04-14,91.75,220.28152465820312,280.6827697753906,26.73727035522461,8.8100004196167
2023-04-17,89.87000274658203,217.66587829589844,283.2920227050781,26.981081008911133,8.800000190734863
2023-04-18,89.77999877929688,216.70115661621094,282.8702087402344,27.64556884765625,8.729999542236328
2023-04-19,89.94000244140625,214.5231170654297,282.9486999511719,27.90935707092285,8.489999771118164
2023-04-20,90.11000061035156,211.907470703125,280.6533508300781,27.08300018310547,8.149999618530273
2023-04-21,88.43000030517578,211.7284393310547,280.3099670410156,27.09798812866211,8.180000305175781
2023-04-24,87.56999969482422,211.6289825439453,276.3961181640625,27.021047592163086,8.100000381469727
2023-04-25,83.80000305175781,206.41757202148438,270.16717529296875,26.22066879272461,7.739999771118164
2023-04-26,85.94000244140625,208.25747680664062,289.7367248535156,26.93511390686035,7.739999771118164
2023-04-27,87.44000244140625,237.2583770751953,299.0163269042969,27.204910278320312,7.820000171661377
2023-04-28,89.37000274658203,239.00877380371094,301.3999328613281,27.727502822875977,7.75
2023-05-01,89.69000244140625,241.85316467285156,299.7323913574219,28.88759994506836,7.78000020980835
2023-05-02,89.91000366210938,237.93466186523438,299.5852355957031,28.188142776489258,7.590000152587891
2023-05-03,81.62000274658203,235.73670959472656,298.594482421875,27.780460357666016,7.559999942779541
2023-05-04,86.61000061035156,232.24588012695312,299.5852355957031,27.540647506713867,7.380000114440918
2023-05-05,89.83999633789062,231.5099334716797,304.72528076171875,28.65778160095215,7.409999847412109
2023-05-08,95.04000091552734,231.99725341796875,302.763427734375,29.1284122467041,7.739999771118164
2023-05-09,95.05999755859375,232.09669494628906,301.1449279785156,28.54886245727539,9.550000190734863
2023-05-10,97.0199966430664,231.8083038330078,306.3536376953125,28.862621307373047,9.9399995803833
2023-05-11,97.0999984741211,234.50347900390625,304.1955871582031,28.555858612060547,9.880000114440918
2023-05-12,95.26000213623047,232.5343017578125,303.0773620605469,28.318042755126953,9.5
2023-05-15,97.4000015258789,237.55674743652344,303.5580139160156,28.930566787719727,9.520000457763672
2023-05-16,101.4800033569336,237.51695251464844,305.7945251464844,29.190366744995117,9.470000267028809
2023-05-17,103.75,241.16693115234375,308.6847229003906,30.154619216918945,10.25
2023-05-18,107.93000030517578,245.50314331054688,313.12823486328125,31.65345573425293,11.739999771118164
2023-05-19,105.81999969482422,244.29977416992188,312.9512939453125,31.239778518676758,11.710000038146973
2023-05-22,108.0,246.9651336669922,315.74322509765625,31.15184783935547,11.84000015258789
2023-05-23,108.12000274658203,245.3937530517578,309.9234313964844,30.664222717285156,12.640000343322754
2023-05-24,108.2699966430664,247.8502960205078,308.53729248046875,30.51433753967285,12.229999542236328
2023-05-25,120.3499984741211,251.31129455566406,320.4029846191406,37.9505729675293,12.84000015258789
2023-05-26,127.02999877929688,260.6103210449219,327.2549743652344,38.915828704833984,13.649999618530273
2023-05-30,125.2699966430664,261.087646484375,325.6033630371094,40.07992172241211,14.710000038146973
2023-05-31,118.20999908447266,263.2756652832031,322.8311767578125,37.804683685302734,14.710000038146973
2023-06-01,119.47000122070312,271.12261962890625,326.95025634765625,39.739192962646484,14.539999961853027
2023-06-02,117.86000061035156,271.12261962890625,329.7224426269531,39.29652786254883,14.520000457763672
2023-06-05,117.93000030517578,269.9092712402344,330.2533874511719,39.14065170288086,15.239999771118164
2023-06-06,124.2300033569336,269.6407165527344,328.0316162109375,38.62405776977539,15.460000038146973
2023-06-07,117.83000183105469,262.1617736816406,317.90594482421875,37.44983673095703,14.6899995803833
2023-06-08,121.05000305175781,263.1363830566406,319.7541809082031,38.48414993286133,15.1899995803833
2023-06-09,124.91999816894531,263.50439453125,321.2582092285156,38.74396896362305,15.020000457763672
2023-06-12,129.19000244140625,269.5711364746094,326.2325744628906,39.45549774169922,15.649999618530273
2023-06-13,124.52999877929688,269.83966064453125,328.6313171386719,40.99445724487305,16.0
2023-06-14,127.33000183105469,271.8585510253906,331.629638671875,42.968135833740234,15.90999984741211
2023-06-15,124.23999786376953,280.2922668457031,342.2075500488281,42.624366760253906,16.600000381469727
2023-06-16,120.08000183105469,279.466796875,336.5351257324219,42.66333770751953,16.299999237060547
2023-06-20,118.93000030517578,282.7786560058594,332.32763671875,43.778587341308594,15.789999961853027
2023-06-21,112.11000061035156,280.10333251953125,327.91363525390625,43.01609802246094,14.640000343322754
2023-06-22,110.69999694824219,283.3256530761719,333.95953369140625,42.996116638183594,14.050000190734863
2023-06-23,110.01000213623047,287.1546630859375,329.3489074707031,42.1806640625,14.029999732971191
2023-06-26,107.51000213623047,276.9506530761719,323.03759765625,40.60471725463867,13.9399995803833
2023-06-27,110.38999938964844,285.4837646484375,328.906494140625,41.84788131713867,14.609999656677246
2023-06-28,110.16999816894531,283.73345947265625,330.1648864746094,41.089393615722656,15.279999732971191
2023-06-29,111.23999786376953,279.99395751953125,329.3783874511719,40.794593811035156,15.199999809265137
2023-06-30,113.91000366210938,285.4141845703125,334.7755126953125,42.27360153198242,15.329999923706055
2023-07-03,115.81999969482422,284.45941162109375,332.2686462402344,42.384521484375,15.520000457763672
2023-07-05,113.94999694824219,292.7638854980469,332.4259033203125,42.28859329223633,15.699999809265137
2023-07-06,113.4800033569336,290.3968200683594,335.4931335449219,42.07473373413086,15.130000114440918
2023-07-07,113.16999816894531,288.9448547363281,331.5116882324219,42.474456787109375,15.34000015258789
2023-07-10,113.58000183105469,292.495361328125,326.2129211425781,42.15167999267578,16.299999237060547
2023-07-11,111.31999969482422,296.66253662109375,326.84210205078125,42.37653350830078,16.489999771118164
2023-07-12,114.58000183105469,307.6521911621094,331.4920349121094,43.87252426147461,16.59000015258789
2023-07-13,115.91999816894531,311.6999816894531,336.8595886230469,45.94613265991211,16.739999771118164
2023-07-14,115.94000244140625,307.1847839355469,339.39593505859375,45.438472747802734,16.399999618530273
2023-07-17,118.31999969482422,308.9252624511719,339.877685546875,46.4298095703125,17.399999618530273
2023-07-18,117.93000030517578,310.3473815917969,353.4046936035156,47.46210479736328,18.079999923706055
2023-07-19,116.43000030517578,314.2858581542969,349.0693359375,47.04539489746094,18.049999237060547
2023-07-20,110.25,300.86944580078125,340.9983215332031,45.489437103271484,17.1299991607666
2023-07-21,110.94999694824219,292.65447998046875,337.9507751464844,44.27924346923828,16.43000030517578
2023-07-24,110.61000061035156,290.0189208984375,339.2680969238281,44.58204650878906,16.31999969482422
2023-07-25,113.0,292.86334228515625,345.0387878417969,45.64833068847656,16.549999237060547
2023-07-26,110.08999633789062,296.94097900390625,332.0523376464844,45.421485900878906,16.43000030517578
2023-07-27,111.0999984741211,310.00927734375,325.1216735839844,45.86918640136719,16.149999618530273
2023-07-28,112.95999908447266,323.70416259765625,332.6422119140625,46.71860885620117,17.809999465942383
2023-07-31,114.4000015258789,316.8616943359375,330.23370361328125,46.697628021240234,19.84000015258789
2023-08-01,117.5999984741211,320.9492492675781,330.6465759277344,46.47577667236328,19.989999771118164
2023-08-02,109.3499984741211,312.5950927734375,321.9562072753906,44.239280700683594,18.969999313354492
2023-08-03,113.1500015258789,311.481201171875,321.1304626464844,44.48511505126953,18.709999084472656
2023-08-04,115.81999969482422,309.03460693359375,322.2314758300781,44.65000534057617,18.200000762939453
2023-08-07,116.80999755859375,314.83282470703125,324.52203369140625,45.386512756347656,17.989999771118164
2023-08-08,113.2300033569336,310.9342346191406,320.53076171875,44.63401412963867,17.040000915527344
2023-08-09,110.47000122070312,303.54473876953125,316.7754211425781,42.525428771972656,15.25
2023-08-10,110.2300033569336,304.07183837890625,317.46356201171875,42.35954284667969,15.40999984741211
2023-08-11,107.56999969482422,299.9942321777344,315.5760803222656,40.82756423950195,15.40999984741211
2023-08-14,111.9800033569336,304.5194091796875,318.5548095703125,43.72362518310547,15.720000267028809
2023-08-15,111.3499984741211,300.3025207519531,316.41168212890625,43.91049575805664,15.369999885559082
2023-08-16,107.19000244140625,292.684326171875,315.6432800292969,43.45680236816406,15.449999809265137
2023-08-17,104.44000244140625,283.5345153808594,312.175537109375,43.31489944458008,14.149999618530273
2023-08-18,105.44999694824219,281.7045593261719,311.7814636230469,43.26993179321289,14.399999618530273
2023-08-21,108.22000122070312,288.3182373046875,317.1012878417969,46.93546676635742,14.5
2023-08-22,105.66000366210938,286.0308532714844,317.67266845703125,45.63733673095703,14.670000076293945
2023-08-23,109.43000030517578,292.63458251953125,322.1452941894531,47.084373474121094,15.300000190734863
2023-08-24,101.80000305175781,285.1854553222656,315.21966552734375,47.13133239746094,14.140000343322754
2023-08-25,102.25,283.9422912597656,318.18499755859375,45.98710632324219,14.529999732971191
2023-08-28,102.61000061035156,288.67633056640625,318.894287109375,46.803550720214844,14.640000343322754
2023-08-29,105.91999816894531,296.3641357421875,323.5343933105469,48.75124740600586,15.399999618530273
2023-08-30,106.58999633789062,293.4898986816406,323.9087829589844,49.230918884277344,16.329999923706055
2023-08-31,105.72000122070312,294.275634765625,322.8940124511719,49.321868896484375,14.979999542236328
2023-09-01,109.44999694824219,294.7629089355469,323.7806091308594,48.476436614990234,15.180000305175781
2023-09-05,110.77999877929688,298.5123596191406,328.5980224609375,48.51540756225586,15.210000038146973
2023-09-06,109.27999877929688,297.5376892089844,327.93798828125,47.03327941894531,15.300000190734863
2023-09-07,106.58999633789062,297.04046630859375,325.0120544433594,46.21376037597656,15.210000038146973
2023-09-08,106.08999633789062,296.2646484375,329.3073425292969,45.5451545715332,15.130000114440918
2023-09-11,105.31999969482422,305.8819274902344,332.9228820800781,45.151390075683594,15.789999961853027
2023-09-12,105.30999755859375,300.0141296386719,326.844482421875,44.84356689453125,15.59000015258789
2023-09-13,107.70999908447266,303.3955383300781,331.07080078125,45.45820999145508,15.600000381469727
2023-09-14,106.62999725341797,310.0191955566406,333.6716003417969,45.55415344238281,15.829999923706055
2023-09-15,101.48999786376953,298.6715087890625,325.3174743652344,43.874141693115234,15.329999923706055
2023-09-18,102.37000274658203,300.8992614746094,324.17474365234375,43.940093994140625,15.460000038146973
2023-09-19,101.61000061035156,303.405517578125,323.77081298828125,43.494361877441406,15.149999618530273
2023-09-20,100.33999633789062,298.0350036621094,316.0078125,42.21411895751953,14.739999771118164
2023-09-21,96.11000061035156,294.116455078125,314.7862243652344,40.992835998535156,14.0
2023-09-22,96.19999694824219,297.4481506347656,312.3035888671875,41.585487365722656,14.130000114440918
2023-09-25,97.37999725341797,299.1886291503906,312.82574462890625,42.19712829589844,14.220000267028809
2023-09-26,95.95999908447266,297.32879638671875,307.50592041015625,41.88631820678711,13.960000038146973
2023-09-27,98.06999969482422,296.1155090332031,308.1462707519531,42.44298553466797,14.850000381469727
2023-09-28,102.76000213623047,302.30157470703125,308.983642578125,43.06361770629883,15.770000457763672
2023-09-29,102.81999969482422,298.572021484375,311.0622863769531,43.47337341308594,16.0
2023-10-02,103.2699966430664,305.14593505859375,317.0224914550781,44.755619049072266,15.880000114440918
2023-10-03,100.08000183105469,299.2980651855469,308.7373962402344,43.49136734008789,14.899999618530273
2023-10-04,104.06999969482422,303.91265869140625,314.22467041015625,44.01506042480469,15.729999542236328
2023-10-05,102.91000366210938,303.12701416015625,314.61871337890625,44.66168212890625,15.8100004196167
2023-10-06,107.23999786376953,313.7089538574219,322.4014587402344,45.73504638671875,16.610000610351562
2023-10-09,106.97000122070312,316.62298583984375,324.92340087890625,45.2463264465332,17.610000610351562
2023-10-10,109.01000213623047,320.0840148925781,323.5146789550781,45.771018981933594,17.799999237060547
2023-10-11,108.30999755859375,326.0314025878906,327.48480224609375,46.77843475341797,17.920000076293945
2023-10-12,108.79000091552734,322.391357421875,326.2435302734375,46.9173469543457,17.940000534057617
2023-10-13,105.08999633789062,312.9730529785156,322.8644714355469,45.4342155456543,17.360000610351562
2023-10-16,106.45999908447266,319.39776611328125,327.7015686035156,46.06785202026367,17.360000610351562
2023-10-17,105.13999938964844,322.2322082519531,327.13018798828125,43.9121208190918,17.84000015258789
2023-10-18,102.16999816894531,315.2406311035156,325.2091064453125,42.171146392822266,17.200000762939453
2023-10-19,102.4000015258789,311.103271484375,326.4011535644531,42.076202392578125,17.059999465942383
2023-10-20,101.80999755859375,306.9659423828125,321.8202209472656,41.36262893676758,16.110000610351562
2023-10-23,100.01000213623047,312.2967529296875,324.43084716796875,42.94968795776367,16.200000762939453
2023-10-24,101.66999816894531,310.84466552734375,325.62286376953125,43.63727569580078,16.639999389648438
2023-10-25,96.05999755859375,297.895751953125,335.61236572265625,41.754390716552734,15.59000015258789
2023-10-26,93.66999816894531,286.7767333984375,323.0220642089844,40.30224609375,15.289999961853027
2023-10-27,96.43000030517578,295.1109924316406,324.9136047363281,40.47614669799805,15.069999694824219
2023-10-30,96.18000030517578,301.0086364746094,332.30218505859375,41.136756896972656,14.6899995803833
2023-10-31,98.5,299.626220703125,333.0903625488281,40.755985260009766,14.800000190734863
2023-11-01,108.04000091552734,310.14849853515625,340.93218994140625,42.30007553100586,14.920000076293945
2023-11-02,107.83000183105469,309.1738586425781,343.1487731933594,43.480369567871094,17.969999313354492
2023-11-03,112.25,312.883544921875,347.562255859375,44.97848892211914,18.889999389648438
2023-11-06,111.75,314.0769348144531,351.23687744140625,45.72404479980469,18.540000915527344
2023-11-07,113.44999694824219,317.08050537109375,355.1774597167969,45.92792892456055,18.799999237060547
2023-11-08,113.58999633789062,318.0352478027344,357.807861328125,46.546566009521484,18.489999771118164
2023-11-09,113.48999786376953,318.8010559082031,355.3351135253906,46.922340393066406,18.270000457763672
2023-11-10,118.58999633789062,326.9761657714844,364.1817626953125,48.3065299987793,19.670000076293945
2023-11-13,116.79000091552734,327.3938903808594,361.2361755371094,48.59135818481445,19.709999084472656
2023-11-14,119.87999725341797,334.4750061035156,364.7728576660156,49.62674331665039,19.940000534057617
2023-11-15,118.0,330.89471435546875,364.92095947265625,48.85920333862305,19.950000762939453
2023-11-16,119.83000183105469,332.3665771484375,371.33746337890625,49.45085144042969,19.770000457763672
2023-11-17,120.62000274658203,333.2120056152344,365.0986633300781,49.26896667480469,20.489999771118164
2023-11-20,121.52999877929688,338.1150817871094,372.5911560058594,50.37930679321289,21.34000015258789
2023-11-21,119.16000366210938,335.14141845703125,368.27728271484375,49.91457748413086,19.799999237060547
2023-11-22,122.51000213623047,339.6267395019531,372.9958801269531,48.68730163574219,19.690000534057617
2023-11-24,122.30999755859375,336.3845520019531,372.5812683105469,47.74785614013672,19.200000762939453
2023-11-27,122.6500015258789,332.8738708496094,373.74609375,48.213584899902344,19.079999923706055
2023-11-28,122.01000213623047,337.1404113769531,377.7835998535156,47.79282760620117,19.709999084472656
2023-11-29,123.8499984741211,330.387451171875,373.9830627441406,48.11164855957031,19.84000015258789
2023-11-30,121.16000366210938,325.3650207519531,374.0422668457031,46.742454528808594,20.049999237060547
2023-12-01,121.38999938964844,323.0477600097656,369.6988220214844,46.73745346069336,20.270000457763672
2023-12-04,118.56999969482422,318.2739562988281,364.39776611328125,45.483192443847656,18.399999618530273
2023-12-05,118.37999725341797,316.5533447265625,367.73431396484375,46.542659759521484,18.299999237060547
2023-12-06,116.81999969482422,315.71795654296875,364.0621032714844,45.480194091796875,17.1299991607666
2023-12-07,128.3699951171875,324.8080749511719,366.1845703125,46.572654724121094,17.219999313354492
2023-12-08,128.9199981689453,330.9344787597656,369.42236328125,47.4821891784668,17.770000457763672
2023-12-11,134.41000366210938,323.5052185058594,366.5299987792969,46.60363006591797,17.770000457763672
2023-12-12,137.61000061035156,332.39642333984375,369.5704650878906,47.633113861083984,17.5
2023-12-13,138.19000244140625,332.9136047363281,369.5605773925781,48.063907623291016,17.8700008392334
2023-12-14,138.0,331.3522033691406,361.22900390625,48.32577133178711,18.209999084472656
2023-12-15,139.14999389648438,333.0926513671875,365.9673767089844,48.86549758911133,18.200000762939453
2023-12-18,138.89999389648438,342.7397155761719,367.8627014160156,50.05189895629883,17.84000015258789
2023-12-19,140.14999389648438,348.4483947753906,368.46484375,49.579139709472656,17.950000762939453
2023-12-20,135.47000122070312,347.37432861328125,365.8587646484375,48.086883544921875,17.25
2023-12-21,139.91000366210938,352.15802001953125,368.7412414550781,48.96544647216797,17.59000015258789
2023-12-22,139.60000610351562,351.46185302734375,369.76788330078125,48.8055305480957,17.40999984741211
2023-12-26,143.41000366210938,352.8939514160156,369.84686279296875,49.25429916381836,17.68000030517578
2023-12-27,146.07000732421875,355.8776550292969,369.26446533203125,49.39223098754883,17.469999313354492
2023-12-28,148.75999450683594,356.3649597167969,370.4588928222656,49.4971809387207,17.559999465942383
2023-12-29,147.41000366210938,352.0287170410156,371.2091369628906,49.4971809387207,17.170000076293945
2024-01-02,138.5800018310547,344.400634765625,366.1055603027344,48.143856048583984,16.579999923706055
2024-01-03,135.32000732421875,342.5905456542969,365.83905029296875,47.545162200927734,16.09000015258789
2024-01-04,136.00999450683594,345.2260437011719,363.21319580078125,47.97394561767578,16.25
2024-01-05,138.5800018310547,350.02972412109375,363.025634765625,49.072391510009766,15.979999542236328
2024-01-08,146.17999267578125,356.7030944824219,369.87646484375,52.22681427001953,16.670000076293945
2024-01-09,149.25999450683594,355.4797668457031,370.96234130859375,53.11336898803711,16.389999389648438
2024-01-10,148.5399932861328,368.4486389160156,377.8526306152344,54.32276153564453,16.790000915527344
2024-01-11,148.02000427246094,367.6530456542969,379.6888427734375,54.794525146484375,16.68000030517578
2024-01-12,146.55999755859375,372.4467468261719,383.4794616699219,54.682579040527344,16.760000228881836
2024-01-16,158.74000549316406,365.4550476074219,385.2563171386719,56.35374450683594,16.530000686645508
2024-01-17,160.1699981689453,366.36016845703125,384.46661376953125,56.0249137878418,16.389999389648438
2024-01-18,162.6699981689453,374.07781982421875,388.81011962890625,57.0783805847168,16.399999618530273
2024-01-19,174.22999572753906,381.3578186035156,393.5484313964844,59.461185455322266,16.780000686645508
2024-01-22,168.17999267578125,379.6969299316406,391.4161682128906,59.624107360839844,17.600000381469727
2024-01-23,168.4199981689453,383.0982971191406,393.77545166015625,59.842994689941406,17.329999923706055
2024-01-24,178.2899932861328,388.56829833984375,397.3884582519531,61.33124923706055,16.75
2024-01-25,180.3300018310547,391.03472900390625,399.66876220703125,61.586116790771484,16.459999084472656
2024-01-26,177.25,391.9895324707031,398.7408142089844,61.00041198730469,16.350000381469727
2024-01-29,177.8300018310547,398.83197021484375,404.4564208984375,62.43369674682617,17.09000015258789
2024-01-30,172.05999755859375,397.877197265625,403.3409423828125,62.74253463745117,16.739999771118164
2024-01-31,167.69000244140625,388.0113525390625,392.472412109375,61.49616622924805,16.09000015258789
2024-02-01,170.47999572753906,392.62603759765625,398.5927429199219,62.99541473388672,16.329999923706055
2024-02-02,177.66000366210938,472.39837646484375,405.9371643066406,66.12684631347656,17.020000457763672
2024-02-05,174.22999572753906,456.9034118652344,400.4387512207031,69.2972640991211,16.719999313354492
2024-02-06,167.8800048828125,452.239013671875,400.2807922363281,68.18881225585938,21.8700008392334
2024-02-07,170.94000244140625,467.0278625488281,408.7308349609375,70.06385803222656,23.600000381469727
2024-02-08,169.35000610351562,467.43560791015625,408.7900390625,69.60609436035156,24.510000228881836
2024-02-09,172.47999572753906,465.5559387207031,415.1473083496094,72.09685516357422,24.3799991607666
2024-02-12,171.91000366210938,466.34161376953125,409.9253234863281,72.21178436279297,25.049999237060547
2024-02-13,171.5399932861328,457.6095275878906,401.10015869140625,72.09186553955078,24.010000228881836
2024-02-14,178.6999969482422,470.6977233886719,404.9768981933594,73.86296081542969,25.190000534057617
2024-02-15,176.75999450683594,481.3890686035156,402.0791931152344,72.62158203125,25.40999984741211
2024-02-16,173.8699951171875,470.7375183105469,399.6067810058594,72.57660675048828,24.440000534057617
2024-02-20,165.69000244140625,469.176025390625,398.3507995605469,69.41719818115234,23.399999618530273
2024-02-21,164.2899932861328,465.9702453613281,397.74749755859375,67.43819427490234,22.739999771118164
2024-02-22,181.86000061035156,483.9905700683594,407.1131286621094,78.49864959716797,23.59000015258789
2024-02-23,176.52000427246094,481.89984130859375,405.81756591796875,78.77750396728516,22.969999313354492
2024-02-26,176.00999450683594,479.619873046875,403.0484313964844,79.05237579345703,23.559999465942383
2024-02-27,178.0,484.9065246582031,402.9891357421875,78.66156005859375,24.530000686645508
2024-02-28,176.5399932861328,481.88983154296875,403.2264404296875,77.62408447265625,24.420000076293945
2024-02-29,192.52999877929688,487.9729919433594,409.0811767578125,79.07235717773438,25.079999923706055
2024-03-01,202.63999938964844,500.08941650390625,410.92071533203125,82.23776245117188,24.93000030517578
2024-03-04,205.36000061035156,495.99749755859375,410.34710693359375,85.19427490234375,24.040000915527344
2024-03-05,205.1300048828125,488.0625915527344,398.2123107910156,85.9249496459961,23.809999465942383
2024-03-06,210.6300048828125,493.90673828125,397.65850830078125,88.65970611572266,26.15999984741211
2024-03-07,211.3800048828125,509.9358825683594,404.63079833984375,92.62689208984375,26.459999084472656
2024-03-08,207.38999938964844,503.723388671875,401.7429504394531,87.48823547363281,26.040000915527344
2024-03-11,198.38999938964844,481.46173095703125,400.0617370605469,85.73503112792969,25.350000381469727
2024-03-12,202.75999450683594,497.5506286621094,410.7031555175781,91.87124633789062,24.700000762939453
2024-03-13,194.7899932861328,493.3890686035156,410.52508544921875,90.84671783447266,25.0
2024-03-14,187.05999755859375,489.66546630859375,420.5335693359375,87.90404510498047,24.43000030517578
2024-03-15,191.05999755859375,481.96954345703125,411.8305969238281,87.79708862304688,23.489999771118164
2024-03-18,190.64999389648438,494.7928466796875,412.72064208984375,88.41482543945312,24.0
2024-03-19,181.4199981689453,494.0560607910156,416.7655334472656,89.3573989868164,23.799999237060547
2024-03-20,179.72999572753906,503.29522705078125,420.5434875488281,90.33094024658203,24.56999969482422
2024-03-21,178.67999267578125,505.525390625,424.6378173828125,91.39346313476562,24.489999771118164
2024-03-22,179.64999389648438,507.33734130859375,424.0147705078125,94.24617004394531,24.18000030517578
2024-03-25,178.6300048828125,500.8062438964844,418.1995849609375,94.95883178710938,24.510000228881836
2024-03-26,177.8699951171875,493.7076416015625,417.0028991699219,92.51895904541016,24.889999389648438
2024-03-27,179.58999633789062,491.6865234375,416.78533935546875,90.20899200439453,24.510000228881836
2024-03-28,180.49000549316406,483.4430236816406,416.08319091796875,90.31494903564453,23.010000228881836
2024-04-01,183.33999633789062,489.1876220703125,419.8907470703125,90.32194519042969,22.860000610351562
2024-04-02,178.6999969482422,495.1811218261719,416.79522705078125,89.41136169433594,22.719999313354492
2024-04-03,180.77000427246094,504.5098571777344,415.8161315917969,88.923583984375,22.700000762939453
2024-04-04,165.8300018310547,508.6715087890625,413.27447509765625,85.865966796875,22.479999542236328
2024-04-05,170.4199981689453,525.0192260742188,420.8302307128906,87.96802520751953,22.959999084472656
2024-04-08,169.89999389648438,516.96484375,419.9104919433594,87.09341430664062,23.0
2024-04-09,170.77999877929688,514.6251831054688,421.5819091796875,85.3152084350586,22.809999465942383
2024-04-10,167.13999938964844,517.542236328125,418.59515380859375,86.99945831298828,22.420000076293945
2024-04-11,170.5,520.8576049804688,423.21368408203125,90.57483673095703,22.84000015258789
2024-04-12,163.27999877929688,509.64715576171875,417.2501525878906,88.14594268798828,22.670000076293945
2024-04-15,160.32000732421875,498.02850341796875,409.0811767578125,85.96192932128906,21.899999618530273
2024-04-16,163.4600067138672,497.5606384277344,410.01080322265625,87.37528991699219,21.8799991607666
2024-04-17,154.02000427246094,491.9952087402344,407.3010559082031,83.99681854248047,21.309999465942383
2024-04-18,155.0800018310547,499.59161376953125,399.8144226074219,84.63253021240234,21.1299991607666
2024-04-19,146.63999938964844,478.952880859375,394.7212219238281,76.1653823852539,20.469999313354492
2024-04-22,148.63999938964844,479.6099853515625,396.54095458984375,79.48188018798828,20.969999313354492
2024-04-23,152.27000427246094,493.91668701171875,403.0780944824219,82.38555908203125,21.639999389648438
2024-04-24,151.74000549316406,491.328125,404.5516357421875,79.64080810546875,21.59000015258789
2024-04-25,153.75999450683594,439.43756103515625,394.6421203613281,82.59446716308594,21.709999084472656
2024-04-26,157.39999389648438,441.3391418457031,401.8418884277344,87.69515228271484,22.520000457763672
2024-04-29,160.1999969482422,430.7160949707031,397.8166809082031,87.71713256835938,22.829999923706055
2024-04-30,158.3800048828125,428.27685546875,385.0390930175781,86.36276245117188,21.969999313354492
2024-05-01,144.27000427246094,437.2572021484375,390.5873107910156,83.0032730102539,22.1200008392334
2024-05-02,146.16000366210938,439.7361755371094,393.455322265625,85.77801513671875,22.549999237060547
2024-05-03,150.60000610351562,449.9709777832031,402.1781005859375,88.74866485595703,23.329999923706055
2024-05-06,155.77999877929688,463.6305847167969,408.9822692871094,92.09813690185547,25.209999084472656
2024-05-07,154.42999267578125,466.1793212890625,404.8285827636719,90.51286315917969,21.399999618530273
2024-05-08,153.6199951171875,470.5201416015625,406.0153503417969,90.37093353271484,21.559999465942383
2024-05-09,152.38999938964844,473.32769775390625,407.7757568359375,88.7066879272461,21.139999389648438
2024-05-10,151.9199981689453,474.10430908203125,410.1690979003906,89.83716583251953,20.600000381469727
2024-05-13,150.55999755859375,465.9503479003906,409.16033935546875,90.35794067382812,20.940000534057617
2024-05-14,153.16000366210938,469.7734069824219,411.968994140625,91.31450653076172,21.440000534057617
2024-05-15,159.6699981689453,479.4208068847656,419.171875,94.5870132446289,21.670000076293945
2024-05-16,162.6199951171875,471.1473693847656,417.10113525390625,94.31613159179688,21.649999618530273
2024-05-17,164.47000122070312,469.83319091796875,416.3283386230469,92.43698120117188,21.760000228881836
2024-05-20,166.3300018310547,466.77667236328125,421.4109802246094,94.73694610595703,21.6200008392334
2024-05-21,164.66000366210938,462.585205078125,425.0768127441406,95.3426742553711,21.239999771118164
2024-05-22,165.52000427246094,465.7213134765625,426.5431213378906,94.90687561035156,21.170000076293945
2024-05-23,160.42999267578125,463.7301330566406,423.0556640625,103.7518539428711,20.719999313354492
2024-05-24,166.36000061035156,476.11541748046875,426.18646240234375,106.42063903808594,21.010000228881836
2024-05-28,171.61000061035156,477.8078918457031,426.3450012207031,113.84925079345703,21.049999237060547
2024-05-29,165.13999938964844,472.2723693847656,425.20562744140625,114.77283477783203,20.940000534057617
2024-05-30,166.75,464.99456787109375,410.83953857421875,110.44979095458984,21.729999542236328
2024-05-31,166.89999389648438,464.7755126953125,411.2953186035156,109.58319854736328,21.68000030517578
2024-06-03,163.5500030517578,475.3885803222656,409.7001647949219,114.94775390625,21.31999969482422
2024-06-04,159.99000549316406,474.89080810546875,412.2266540527344,116.38410949707031,22.100000381469727
2024-06-05,166.1699981689453,492.8812561035156,420.09326171875,122.3843765258789,22.959999084472656
2024-06-06,166.77999877929688,491.5870056152344,420.5985412597656,120.94303131103516,23.790000915527344
2024-06-07,167.8699951171875,490.79052734375,419.9347839355469,120.83308410644531,23.309999465942383
2024-06-10,160.33999633789062,500.3881530761719,423.9176330566406,121.73467254638672,23.1299991607666
2024-06-11,158.9600067138672,505.2366943359375,428.68316650390625,120.8650131225586,23.850000381469727
2024-06-12,160.24000549316406,506.60064697265625,436.9857482910156,125.15339660644531,23.770000457763672
2024-06-13,159.89999389648438,501.88153076171875,437.5009765625,129.561767578125,23.270000457763672
2024-06-14,159.6300048828125,502.4396057128906,438.4818420410156,131.8309326171875,23.56999969482422
2024-06-17,158.39999389648438,504.90118408203125,444.228271484375,130.93125915527344,25.020000457763672
2024-06-18,154.6300048828125,497.7855224609375,442.2170104980469,135.529541015625,25.81999969482422
2024-06-20,161.77999877929688,499.988037109375,441.58294677734375,130.7313232421875,25.559999465942383
2024-06-21,161.22999572753906,493.0916442871094,445.6252136230469,126.52289581298828,23.84000015258789
2024-06-24,160.25,497.20751953125,443.53472900390625,118.0660400390625,24.15999984741211
2024-06-25,160.25,508.8576354980469,446.784423828125,126.04306030273438,24.559999465942383
2024-06-26,157.5399932861328,511.3690490722656,447.9832458496094,126.35296630859375,24.100000381469727
2024-06-27,159.47000122070312,517.7869873046875,448.6668701171875,123.94384765625,25.219999313354492
2024-06-28,162.2100067138672,502.4993896484375,442.82135009765625,123.4940185546875,25.329999923706055
2024-07-01,157.69000244140625,502.95782470703125,452.51104736328125,124.25374603271484,25.8799991607666
2024-07-02,164.30999755859375,507.7613830566406,455.0374450683594,122.62435150146484,25.829999923706055
2024-07-03,163.89999389648438,508.21978759765625,456.5137023925781,128.2322540283203,25.850000381469727
2024-07-05,171.89999389648438,538.0675659179688,463.240966796875,125.78317260742188,27.229999542236328
2024-07-08,178.69000244140625,527.5137939453125,461.93316650390625,128.1522674560547,27.700000762939453
2024-07-09,177.10000610351562,528.19140625,455.2950744628906,131.33111572265625,27.389999389648438
2024-07-10,183.9600067138672,532.8654174804688,461.943115234375,134.85980224609375,28.420000076293945
2024-07-11,181.94000244140625,510.950439453125,450.4997863769531,127.35258483886719,27.639999389648438
2024-07-12,181.61000061035156,497.1676330566406,449.36041259765625,129.19190979003906,28.06999969482422
2024-07-15,179.8300018310547,494.4668884277344,449.7666015625,128.39219665527344,28.670000076293945
2024-07-16,177.5500030517578,488.1186218261719,445.36761474609375,126.31297302246094,28.670000076293945
2024-07-17,159.42999267578125,460.41351318359375,439.4230651855469,117.94607543945312,28.219999313354492
2024-07-18,155.77000427246094,474.2262268066406,436.3021545410156,121.04492950439453,28.639999389648438
2024-07-19,151.5800018310547,475.16302490234375,433.072265625,117.88611602783203,28.579999923706055
2024-07-22,155.8699951171875,485.7367858886719,438.8484191894531,123.4940185546875,28.459999084472656
2024-07-23,154.0,487.02239990234375,440.74078369140625,122.54437255859375,28.809999465942383
2024-07-24,144.6300048828125,459.6959533691406,424.9381103515625,114.20747375488281,26.600000381469727
2024-07-25,138.32000732421875,451.86279296875,414.53509521484375,112.23820495605469,26.6299991607666
2024-07-26,139.99000549316406,464.1108703613281,421.34161376953125,113.0179214477539,27.18000030517578
2024-07-29,139.75,464.1208190917969,422.7881774902344,111.5484619140625,27.079999923706055
2024-07-30,138.44000244140625,461.6094055175781,419.0133361816406,103.69139862060547,26.3700008392334
2024-07-31,144.47999572753906,473.20965576171875,414.485595703125,116.9764404296875,26.889999389648438
2024-08-01,132.5399932861328,496.0414733886719,413.2569885253906,109.16935729980469,26.079999923706055
2024-08-02,132.5,486.47430419921875,404.7166442871094,107.23007202148438,24.739999771118164
2024-08-05,134.82000732421875,474.10662841796875,391.4998474121094,100.41261291503906,24.09000015258789
2024-08-06,130.17999267578125,492.4039611816406,395.9186706542969,104.2112045288086,26.59000015258789
2024-08-07,128.6699981689453,487.2515869140625,394.7495422363281,98.8731918334961,26.31999969482422
2024-08-08,136.32000732421875,507.89093017578125,398.9701843261719,104.9309310913086,29.280000686645508
2024-08-09,134.27000427246094,516.003173828125,402.26947021484375,104.71102142333984,30.010000228881836
2024-08-12,136.77000427246094,514.1893920898438,403.05218505859375,108.97942352294922,29.3799991607666
2024-08-13,141.1300048828125,526.7363891601562,410.1856689453125,116.09677124023438,30.389999389648438
2024-08-14,140.75,524.9625244140625,413.0093078613281,118.03605651855469,31.0
2024-08-15,147.36000061035156,535.4964599609375,417.8926696777344,122.81427001953125,31.219999313354492
2024-08-16,148.55999755859375,525.6202392578125,415.35174560546875,124.53364562988281,32.08000183105469
2024-08-19,155.27999877929688,527.4739379882812,418.3889465332031,129.9516143798828,32.5
2024-08-20,156.39999389648438,524.9325561523438,421.63458251953125,127.20264434814453,32.31999969482422
2024-08-21,157.80999755859375,533.3338012695312,420.9794921875,128.45217895507812,32.540000915527344
2024-08-22,151.6999969482422,530.1148071289062,412.4534912109375,123.69395446777344,31.920000076293945
2024-08-23,154.97999572753906,526.1981811523438,413.68426513671875,129.32183837890625,31.780000686645508
2024-08-26,149.99000549316406,519.341796875,410.4088439941406,126.41293334960938,30.850000381469727
2024-08-27,150.5,517.3285522460938,410.7562255859375,128.25225830078125,30.84000015258789
2024-08-28,146.36000061035156,515.0166015625,407.5404052734375,125.5632553100586,30.360000610351562
2024-08-29,145.49000549316406,516.4515991210938,410.0415954589844,117.54623413085938,31.0
2024-08-30,148.55999755859375,519.5310668945312,414.0316467285156,119.32557678222656,31.479999542236328
2024-09-03,136.94000244140625,510.0137023925781,406.3890380859375,107.95980072021484,30.510000228881836
2024-09-04,140.8699951171875,510.9903259277344,405.85302734375,106.17046356201172,30.59000015258789
2024-09-05,139.44000244140625,515.0962524414062,405.34686279296875,107.17009735107422,30.15999984741211
2024-09-06,134.35000610351562,498.5628662109375,398.7066955566406,102.7917251586914,30.329999923706055
2024-09-09,138.14999389648438,503.06744384765625,402.6967468261719,106.43038177490234,34.599998474121094
2024-09-10,142.83999633789062,503.06744384765625,411.11358642578125,108.05976104736328,34.7599983215332
2024-09-11,149.86000061035156,510.08343505859375,419.8876953125,116.86649322509766,34.849998474121094
2024-09-12,150.77000427246094,523.806396484375,423.81817626953125,119.10585021972656,34.90999984741211
2024-09-13,152.30999755859375,522.8297729492188,427.3814392089844,119.06584930419922,35.59000015258789
2024-09-16,152.0800018310547,531.96728515625,428.1258544921875,116.74651336669922,36.310001373291016
2024-09-17,150.82000732421875,534.999755859375,431.9074401855469,115.5568618774414,36.45000076293945
2024-09-18,148.2899932861328,536.6257934570312,427.59979248046875,113.3375015258789,36.380001068115234
2024-09-19,156.74000549316406,557.7236328125,435.42108154296875,117.83621215820312,36.83000183105469
2024-09-20,155.9499969482422,559.9681396484375,432.02655029296875,115.96674346923828,37.20000076293945
2024-09-23,156.75,563.0205688476562,430.2796936035156,116.22667694091797,37.95000076293945
2024-09-24,158.32000732421875,561.9432983398438,425.9720458984375,120.8353500366211,36.900001525878906
2024-09-25,162.02000427246094,566.9110107421875,428.89007568359375,123.47459411621094,37.119998931884766
2024-09-26,167.49000549316406,566.442138671875,428.0960693359375,124.00444030761719,37.099998474121094
2024-09-27,164.35000610351562,565.9633178710938,424.8305358886719,121.36520385742188,36.84000015258789
2024-09-30,164.0800018310547,571.0308227539062,427.09356689453125,121.40518951416016,37.20000076293945
2024-10-01,159.75,575.0509033203125,417.5552062988281,116.9664535522461,36.459999084472656
2024-10-02,159.77999877929688,571.3999633789062,414.021728515625,118.81592559814453,37.4900016784668
2024-10-03,162.85000610351562,581.33544921875,413.4361267089844,122.81478118896484,39.2400016784668
2024-10-04,170.89999389648438,594.4730224609375,412.959716796875,124.88418579101562,40.0099983215332
2024-10-07,170.97000122070312,583.3405151367188,406.48828125,127.68339538574219,38.88999938964844
2024-10-08,172.8000030517578,591.4304809570312,411.6197509765625,132.85189819335938,41.45000076293945
2024-10-09,171.02000427246094,589.0563354492188,414.3492431640625,132.61196899414062,43.130001068115234
2024-10-10,164.17999267578125,582.3927612304688,412.7413635253906,134.7713623046875,43.52000045776367
2024-10-11,167.88999938964844,588.4977416992188,413.2177429199219,134.76136779785156,43.5099983215332
2024-10-14,165.27000427246094,588.9664916992188,416.01678466796875,138.0304412841797,43.400001525878906
2024-10-15,156.63999938964844,584.8268432617188,415.6197204589844,131.56228637695312,42.43000030517578
2024-10-16,156.1300048828125,575.3701171875,413.0192565917969,135.68109130859375,41.93000030517578
2024-10-17,156.25,575.509765625,413.6147766113281,136.8907470703125,42.0
2024-10-18,155.97000122070312,575.0509033203125,415.0440368652344,137.96043395996094,42.970001220703125
2024-10-21,157.89999389648438,573.744140625,415.659423828125,143.66880798339844,42.70000076293945
2024-10-22,154.08999633789062,580.5772705078125,424.32440185546875,143.54885864257812,42.939998626708984
2024-10-23,152.91000366210938,562.3024291992188,421.43609619140625,139.51998901367188,42.59000015258789
2024-10-24,153.44000244140625,566.38232421875,421.56512451171875,140.3697509765625,43.560001373291016
2024-10-25,156.22999572753906,571.8388061523438,424.9595947265625,141.49942016601562,44.86000061035156
2024-10-28,159.9199981689453,576.7367553710938,423.4112243652344,140.479736328125,44.970001220703125
2024-10-29,166.25,591.819580078125,428.7313232421875,141.20950317382812,44.93000030517578
2024-10-30,148.60000610351562,590.3431396484375,429.3069763183594,139.300048828125,43.689998626708984
2024-10-31,144.07000732421875,566.1828002929688,403.3220520019531,132.72195434570312,41.560001373291016
2024-11-01,141.86000061035156,565.7637939453125,407.3121032714844,135.36119079589844,41.91999816894531
2024-11-04,140.7100067138672,559.2998046875,405.41632080078125,136.01100158691406,41.40999984741211
2024-11-05,141.66000366210938,571.0208740234375,408.3939514160156,139.86988830566406,51.130001068115234
2024-11-06,145.10000610351562,570.6417846679688,417.0489807128906,145.56825256347656,55.529998779296875
2024-11-07,149.82000732421875,590.2434692382812,422.2598571777344,148.8373260498047,55.880001068115234
2024-11-08,147.9499969482422,587.8892822265625,419.39141845703125,147.58767700195312,58.38999938964844
2024-11-11,147.35000610351562,581.7344360351562,414.8951721191406,145.21835327148438,60.2400016784668
2024-11-12,143.6300048828125,583.38037109375,419.87774658203125,148.24746704101562,59.849998474121094
2024-11-13,139.3000030517578,578.5722045898438,422.0315856933594,146.22808837890625,60.70000076293945
2024-11-14,138.83999633789062,575.7391967773438,423.7090148925781,146.71792602539062,59.18000030517578
2024-11-15,134.89999389648438,552.716064453125,411.9076232910156,141.9392852783203,65.7699966430664
2024-11-18,138.92999267578125,553.0352783203125,412.66192626953125,140.10980224609375,61.2599983215332
2024-11-19,139.38999938964844,559.7088012695312,414.6767883300781,146.9678497314453,62.97999954223633
2024-11-20,137.60000610351562,564.1279296875,412.3939514160156,145.84817504882812,62.119998931884766
2024-11-21,137.49000549316406,561.703857421875,410.6137390136719,146.62796020507812,61.36000061035156
2024-11-22,138.35000610351562,557.7636108398438,414.7211608886719,141.90931701660156,64.3499984741211
2024-11-25,141.1300048828125,563.7188720703125,416.5013732910156,135.9810028076172,64.6500015258789
2024-11-26,137.72000122070312,572.1281127929688,425.6510925292969,136.88075256347656,65.73999786376953
2024-11-27,136.24000549316406,567.7987670898438,420.67840576171875,135.3011932373047,66.05000305175781
2024-11-29,137.17999267578125,572.90625,421.1458435058594,138.2103729248047,67.08000183105469
2024-12-02,142.05999755859375,591.3706665039062,428.6247863769531,138.59027099609375,66.38999938964844
2024-12-03,141.97999572753906,612.139404296875,428.84356689453125,140.2198028564453,70.95999908447266
2024-12-04,143.99000549316406,612.26904296875,435.0295715332031,145.098388671875,69.8499984741211
2024-12-05,141.36000061035156,607.4309692382812,440.2011413574219,145.02841186523438,71.87000274658203
2024-12-06,138.58999633789062,622.2345581054688,441.1459655761719,142.40899658203125,76.33999633789062
2024-12-09,130.8699951171875,612.0595703125,443.58251953125,138.77975463867188,72.45999908447266
2024-12-10,127.73999786376953,617.7954711914062,440.9072570800781,135.04058837890625,70.88999938964844
2024-12-11,130.14999389648438,631.1224975585938,446.5363464355469,139.27964782714844,72.51000213623047
2024-12-12,130.60000610351562,629.2371826171875,447.10321044921875,137.31008911132812,73.19999694824219
2024-12-13,126.91000366210938,618.8229370117188,444.8257141113281,134.22076416015625,76.06999969482422
2024-12-16,126.69000244140625,623.2056274414062,449.1221008300781,131.9712371826172,75.75
2024-12-17,125.0199966430664,618.41357421875,451.9764099121094,130.36160278320312,74.38999938964844
2024-12-18,121.41000366210938,596.200439453125,434.999755859375,128.88192749023438,71.51000213623047
2024-12-19,118.87999725341797,594.5830688476562,434.6416931152344,130.65151977539062,74.20999908447266
2024-12-20,119.20999908447266,584.2802124023438,434.21405029296875,134.670654296875,80.55000305175781
2024-12-23,124.5999984741211,598.8560180664062,432.8714294433594,139.6395721435547,80.69000244140625
2024-12-24,126.29000091552734,606.742919921875,436.9291076660156,140.18946838378906,82.37999725341797
2024-12-26,125.05999755859375,602.3502197265625,435.7157897949219,139.89952087402344,82.13999938964844
2024-12-27,125.19000244140625,598.8161010742188,428.1772155761719,136.9801483154297,79.08000183105469
2024-12-30,122.44000244140625,590.26025390625,422.50836181640625,137.46005249023438,77.18000030517578
2024-12-31,120.79000091552734,584.539794921875,419.196533203125,134.26075744628906,75.62999725341797
2025-01-02,120.62999725341797,598.2470092773438,416.2925109863281,138.27987670898438,75.19000244140625
2025-01-03,125.37000274658203,603.6280517578125,421.0364685058594,144.43853759765625,79.88999938964844
2025-01-06,129.5500030517578,629.15576171875,425.5118713378906,149.39744567871094,75.91999816894531
2025-01-07,127.33000183105469,616.8661499023438,420.0617980957031,140.10946655273438,69.98999786376953
2025-01-08,121.83999633789062,609.7080078125,422.2398376464844,140.07948303222656,68.2300033569336
2025-01-10,116.04000091552734,614.8394775390625,416.6604919433594,135.8804168701172,67.26000213623047
2025-01-13,117.31999969482422,607.322021484375,414.9101257324219,133.20098876953125,64.9800033569336
2025-01-14,116.08999633789062,593.2653198242188,413.3984375,131.73129272460938,65.91000366210938
2025-01-15,119.95999908447266,616.097412109375,423.98028564453125,136.21034240722656,68.13999938964844
2025-01-16,118.44000244140625,610.2869873046875,422.25970458984375,133.54090881347656,69.23999786376953
2025-01-17,121.45999908447266,611.754638671875,426.6854248046875,137.6800079345703,71.7699966430664
2025-01-21,122.27999877929688,615.4385375976562,426.1583251953125,140.79933166503906,73.06999969482422
2025-01-22,123.75,622.4668579101562,443.7616271972656,147.03799438476562,76.87000274658203
2025-01-23,123.04000091552734,635.3953857421875,444.2687683105469,147.1879425048828,78.9800033569336
2025-01-24,122.83999633789062,646.4170532226562,441.63330078125,142.58892822265625,78.9800033569336
2025-01-27,115.01000213623047,658.7865600585938,432.1851806640625,118.39421081542969,75.44000244140625
2025-01-28,114.16999816894531,673.2125854492188,444.7561340332031,128.9619140625,80.2300033569336
2025-01-29,117.3499984741211,675.3690185546875,439.9126892089844,123.67305755615234,79.76000213623047
2025-01-30,118.86000061035156,685.8616333007812,412.7221374511719,124.62284851074219,81.22000122070312
2025-01-31,115.94999694824219,688.0379638671875,412.7917785644531,120.04385375976562,82.48999786376953
2025-02-03,114.2699966430664,696.3043212890625,408.67437744140625,116.63459777832031,83.73999786376953
2025-02-04,119.5,703.0231323242188,410.116455078125,118.62416076660156,103.83000183105469
2025-02-05,112.01000213623047,703.7020263671875,411.0314636230469,124.80281829833984,101.36000061035156
2025-02-06,110.16000366210938,710.8101806640625,413.547607421875,128.65196228027344,111.27999877929688
2025-02-07,107.55999755859375,713.3359985351562,407.5107727050781,129.81170654296875,110.8499984741211
2025-02-10,110.4800033569336,716.2112426757812,409.96728515625,133.54090881347656,116.6500015258789
2025-02-11,111.0999984741211,718.6072387695312,409.1915283203125,132.77108764648438,112.62000274658203
2025-02-12,111.72000122070312,724.1780395507812,406.8046569824219,131.11143493652344,117.38999938964844
2025-02-13,111.80999755859375,727.352783203125,408.2964782714844,135.26052856445312,117.91000366210938
2025-02-14,113.0999984741211,735.4493408203125,406.1979675292969,138.81976318359375,119.16000366210938
2025-02-18,114.27999877929688,715.1829223632812,407.4013977050781,139.36964416503906,124.62000274658203
2025-02-19,114.69000244140625,702.6038818359375,412.50335693359375,139.19967651367188,112.05999755859375
2025-02-20,114.16999816894531,693.6886596679688,414.6857604980469,140.07948303222656,106.2699966430664
2025-02-21,110.83999633789062,682.4172973632812,406.793212890625,134.4007110595703,101.3499984741211
2025-02-24,108.11000061035156,667.0228881835938,402.59783935546875,130.2516326904297,90.68000030517578
2025-02-25,103.95999908447266,656.4105224609375,396.5190124511719,126.6024169921875,87.83999633789062
2025-02-26,104.73999786376953,672.5836791992188,398.3426818847656,131.2514190673828,89.30999755859375
2025-02-27,99.51000213623047,657.1492919921875,391.1676330566406,120.12383270263672,84.7699966430664
2025-02-28,99.86000061035156,667.0927734375,395.6121520996094,124.89279174804688,84.91999816894531
2025-03-03,98.2300033569336,653.9645385742188,387.14166259765625,114.03515625,83.41999816894531
2025-03-04,100.75,638.939453125,387.26123046875,115.96473693847656,84.4000015258789
2025-03-05,101.66999816894531,655.3822021484375,399.628173828125,117.27445220947266,90.12999725341797
2025-03-06,98.8499984741211,626.8894653320312,395.5125427246094,110.5459213256836,80.45999908447266
2025-03-07,100.30999755859375,624.6232299804688,391.9449462890625,112.66545867919922,84.91000366210938
2025-03-10,96.62999725341797,596.9990844726562,378.840576171875,106.95669555664062,76.37999725341797
2025-03-11,96.76000213623047,604.7063598632812,379.1296081542969,108.73631286621094,78.05000305175781
2025-03-12,100.79000091552734,618.5333862304688,381.9397888183594,115.7254409790039,83.6500015258789
2025-03-13,98.11000061035156,589.6613159179688,377.45538330078125,115.56546020507812,79.62000274658203
2025-03-14,100.97000122070312,607.1328125,387.21142578125,121.65469360351562,86.23999786376953
2025-03-17,104.58999633789062,604.4349365234375,387.3509521484375,119.51496124267578,87.3499984741211
2025-03-18,103.51000213623047,581.9122314453125,382.1889343261719,115.41547393798828,83.88999938964844
2025-03-19,106.2300033569336,583.6109619140625,386.4739990234375,117.50521087646484,86.0999984741211
2025-03-20,107.13999938964844,585.5494384765625,385.4974060058594,118.51508331298828,87.38999938964844
2025-03-21,106.44000244140625,595.7915649414062,389.9020690917969,117.68518829345703,90.95999908447266
2025-03-24,113.8499984741211,618.3742065429688,391.7157287597656,121.39472961425781,96.75
2025-03-25,114.80999755859375,625.8284912109375,393.7885437011719,120.67481994628906,96.5
2025-03-26,110.19000244140625,610.51025390625,388.6165466308594,113.74568939208984,92.27999877929688
2025-03-27,106.6500015258789,602.11669921875,389.2243957519531,111.41598510742188,90.08999633789062
2025-03-28,103.22000122070312,576.2965698242188,377.48529052734375,109.65620422363281,85.8499984741211
2025-03-31,102.73999786376953,575.9168701171875,374.087158203125,108.36636352539062,84.4000015258789
2025-04-01,102.77999877929688,585.5494384765625,380.863525390625,110.13613891601562,84.68000030517578
2025-04-02,102.95999908447266,583.4810180664062,380.813720703125,110.4061050415039,87.44999694824219
2025-04-03,93.80000305175781,531.2112426757812,371.8150329589844,101.78719329833984,83.5999984741211
2025-04-04,85.76000213623047,504.3419494628906,358.5910949707031,94.29813385009766,74.01000213623047
2025-04-07,83.63999938964844,515.8530883789062,356.61798095703125,97.6277084350586,77.83999633789062
2025-04-08,78.20999908447266,510.05755615234375,353.3294372558594,96.28788757324219,77.31999969482422
2025-04-09,96.83999633789062,585.3196411132812,389.1347351074219,114.31561279296875,92.01000213623047
2025-04-10,88.69999694824219,545.8699951171875,380.0264587402344,107.55646514892578,88.58999633789062
2025-04-11,93.4000015258789,543.152099609375,387.101806640625,110.9160385131836,88.55000305175781
2025-04-14,94.5,531.0713500976562,386.4640197753906,110.6960678100586,92.62000274658203
2025-04-15,95.29000091552734,521.1190795898438,384.3912658691406,112.18588256835938,98.4000015258789
2025-04-16,88.29000091552734,501.9237976074219,370.32025146484375,104.47685241699219,92.70999908447266
2025-04-17,87.5,501.0944519042969,366.5035400390625,101.47722625732422,93.77999877929688
2025-04-21,85.55999755859375,484.2873840332031,357.87359619140625,96.89781188964844,90.80000305175781
2025-04-22,86.26000213623047,499.8953552246094,365.5469055175781,98.87755584716797,93.98999786376953
2025-04-23,90.38999938964844,519.8699951171875,373.09063720703125,102.69707489013672,100.81999969482422
2025-04-24,94.47000122070312,532.7401123046875,385.9557800292969,106.4166030883789,107.77999877929688
2025-04-25,96.6500015258789,546.8492431640625,390.4900207519531,110.99604034423828,112.77999877929688
2025-04-28,96.38999938964844,549.3173217773438,389.80242919921875,108.71631622314453,114.6500015258789
2025-04-29,96.05999755859375,554.0137329101562,392.67242431640625,109.00627899169922,116.08000183105469
2025-04-30,97.3499984741211,548.577880859375,393.88818359375,108.90629577636719,118.44000244140625
2025-05-01,96.6500015258789,571.7700805664062,423.9235534667969,111.59595489501953,116.19999694824219
2025-05-02,98.80000305175781,596.56103515625,433.769287109375,114.485595703125,124.27999877929688
2025-05-05,100.58999633789062,598.8092651367188,434.65618896484375,113.80567932128906,123.7699966430664
2025-05-06,98.62000274658203,586.8584594726562,431.8061218261719,113.52571868896484,108.86000061035156
2025-05-07,100.36000061035156,596.3511352539062,431.8459777832031,117.04527282714844,110.4800033569336
2025-05-08,101.69999694824219,597.5502319335938,436.6492614746094,117.35523986816406,119.1500015258789
2025-05-09,102.83999633789062,592.0344848632812,437.2073059082031,116.63532257080078,117.30000305175781
2025-05-12,108.12000274658203,638.9383544921875,447.7007751464844,122.98452758789062,118.45999908447266
2025-05-13,112.45999908447266,655.525634765625,447.5812072753906,129.9136505126953,128.10000610351562
2025-05-14,117.72000122070312,658.85302734375,451.36798095703125,135.32296752929688,130.17999267578125
2025-05-15,114.98999786376953,643.3849487304688,452.3863220214844,134.8130340576172,128.1199951171875
2025-05-16,117.16999816894531,639.8477172851562,453.5244445800781,135.38296508789062,129.52000427246094
2025-05-19,114.73999786376953,639.9376220703125,458.11688232421875,135.55294799804688,126.33000183105469
2025-05-20,113.51000213623047,636.6101684570312,457.4180603027344,134.3630828857422,125.58999633789062
2025-05-21,112.05999755859375,635.0114135742188,451.8272399902344,131.78341674804688,120.58000183105469
2025-05-22,110.70999908447266,636.08056640625,454.11346435546875,132.81329345703125,122.29000091552734
2025-05-23,110.30999755859375,626.577880859375,449.441162109375,131.2734832763672,123.30999755859375
2025-05-27,114.55999755859375,641.826171875,459.93389892578125,135.48294067382812,123.38999938964844
2025-05-28,112.86000061035156,643.085205078125,456.609375,134.7930450439453,123.76000213623047
2025-05-29,113.02999877929688,644.5540771484375,457.9272155761719,139.17250061035156,122.31999969482422
2025-05-30,110.7300033569336,646.9921875,459.60443115234375,135.11300659179688,131.77999877929688
2025-06-02,114.62999725341797,670.3842163085938,461.2118225097656,137.3627166748047,132.0399932861328
2025-06-03,117.30999755859375,666.3372802734375,462.2101745605469,141.2022247314453,133.1699981689453
2025-06-04,118.58000183105469,687.4210815429688,463.1086730957031,141.9021453857422,130.00999450683594
2025-06-05,115.69000244140625,684.0936279296875,466.91241455078125,139.97239685058594,119.91000366210938
2025-06-06,116.19000244140625,697.173583984375,469.6080017089844,141.70216369628906,127.72000122070312
2025-06-09,121.7300033569336,693.5263671875,471.97412109375,142.612060546875,132.05999755859375
2025-06-10,123.23999786376953,701.8599853515625,470.1471252441406,143.94189453125,132.80999755859375
2025-06-11,121.13999938964844,693.6063232421875,471.8443298339844,142.8219451904297,136.38999938964844
2025-06-12,118.5,692.826904296875,478.0840759277344,144.9918212890625,135.19000244140625
2025-06-13,116.16000366210938,682.344970703125,474.18048095703125,141.9619903564453,137.39999389648438
2025-06-16,126.38999938964844,702.1199951171875,478.3536376953125,144.6818389892578,141.41000366210938
2025-06-17,127.0999984741211,697.22998046875,477.25543212890625,144.1118621826172,138.1999969482422
2025-06-18,126.79000091552734,695.77001953125,479.4518127441406,145.47178649902344,139.9600067138672
2025-06-20,128.24000549316406,682.3499755859375,476.6164855957031,143.84188842773438,137.3000030517578
2025-06-23,129.5800018310547,698.530029296875,485.2023620605469,144.161865234375,139.9199981689453
2025-06-24,138.42999267578125,712.2000122070312,489.30560302734375,147.8916473388672,143.22999572753906
2025-06-25,143.39999389648438,708.6799926757812,491.4620666503906,154.30130004882812,142.89999389648438
2025-06-26,143.67999267578125,726.0900268554688,496.6335754394531,155.01126098632812,144.25
2025-06-27,143.80999755859375,733.6300048828125,495.1260681152344,157.74110412597656,130.74000549316406
2025-06-30,141.89999389648438,738.0900268554688,496.5936584472656,157.98109436035156,136.32000732421875
2025-07-01,136.11000061035156,719.219970703125,491.242431640625,153.29136657714844,130.67999267578125
2025-07-02,138.52000427246094,713.5700073242188,490.2840270996094,157.2411346435547,132.1199951171875
2025-07-03,137.91000366210938,719.010009765625,498.02130126953125,159.3310089111328,134.36000061035156
2025-07-07,134.8000030517578,718.3499755859375,496.90313720703125,158.2310791015625,139.1199951171875
2025-07-08,137.82000732421875,720.6699829101562,495.804931640625,159.99098205566406,139.7100067138672
2025-07-09,138.41000366210938,732.780029296875,502.68365478515625,162.87081909179688,143.1300048828125
2025-07-10,144.16000366210938,727.239990234375,500.656982421875,164.09075927734375,142.5
2025-07-11,146.4199981689453,717.510009765625,502.49395751953125,164.91070556640625,142.10000610351562
2025-07-14,146.24000549316406,720.9199829101562,502.1944274902344,164.06076049804688,149.14999389648438
2025-07-15,155.61000061035156,710.3900146484375,504.9898376464844,170.69036865234375,148.5800018310547
2025-07-16,160.0800018310547,702.9099731445312,504.7901611328125,171.36033630371094,150.91000366210938
2025-07-17,160.41000366210938,701.4099731445312,510.8601989746094,172.99024963378906,153.99000549316406
2025-07-18,156.99000549316406,704.280029296875,509.212890625,172.40028381347656,153.52000427246094
2025-07-21,157.0,712.969970703125,509.2228698730469,171.37034606933594,151.7899932861328
2025-07-22,154.72000122070312,704.8099975585938,504.44073486328125,167.0205841064453,149.07000732421875
2025-07-23,158.64999389648438,713.5800170898438,505.0397644042969,170.77037048339844,154.6300048828125
2025-07-24,162.1199951171875,714.7999877929688,510.0415344238281,173.73020935058594,154.86000061035156
2025-07-25,166.47000122070312,712.6799926757812,512.866943359375,173.49021911621094,158.8000030517578
2025-07-28,173.66000366210938,717.6300048828125,511.65887451171875,176.7400360107422,157.8800048828125
2025-07-29,177.44000244140625,700.0,511.728759765625,175.50009155273438,156.24000549316406
2025-07-30,179.50999450683594,695.2100219726562,512.3976440429688,179.25990295410156,158.61000061035156
2025-07-31,176.30999755859375,773.4400024414062,532.6243896484375,177.85997009277344,158.35000610351562
2025-08-01,171.6999969482422,750.010009765625,523.2498168945312,173.710205078125,154.27000427246094
2025-08-04,176.77999877929688,776.3699951171875,534.7609252929688,179.98985290527344,160.66000366210938
2025-08-05,174.30999755859375,763.4600219726562,526.8838500976562,178.24993896484375,173.27000427246094
2025-08-06,163.1199951171875,771.989990234375,524.0784912109375,179.40988159179688,179.5399932861328
2025-08-07,172.39999389648438,761.8300170898438,519.9852294921875,180.7598114013672,182.1999969482422
2025-08-08,172.75999450683594,769.2999877929688,521.1832275390625,182.689697265625,186.9600067138672
2025-08-11,172.27999877929688,765.8699951171875,520.9136962890625,182.0497283935547,182.67999267578125
2025-08-12,174.9499969482422,790.0,528.3713989257812,183.14967346191406,186.97000122070312
2025-08-13,184.4199981689453,780.0800170898438,519.7256469726562,181.5797576904297,184.3699951171875
2025-08-14,180.9499969482422,782.1300048828125,521.6224975585938,182.00973510742188,181.02000427246094
2025-08-15,177.50999450683594,785.22998046875,519.3162841796875,180.4398193359375,177.1699981689453
2025-08-18,176.13999938964844,767.3699951171875,516.2512817382812,181.99972534179688,174.02999877929688
2025-08-19,166.5500030517578,751.47998046875,508.933349609375,175.63009643554688,157.75
2025-08-20,165.1999969482422,747.719970703125,504.8900146484375,175.39010620117188,156.00999450683594
2025-08-21,163.7100067138672,739.0999755859375,504.239990234375,174.97012329101562,156.17999267578125
2025-08-22,167.75999450683594,754.7899780273438,507.2300109863281,177.97996520996094,158.74000549316406
2025-08-25,163.36000061035156,753.2999877929688,504.260009765625,179.79986572265625,157.1699981689453
2025-08-26,166.6199951171875,754.0999755859375,502.0400085449219,181.75975036621094,160.8699951171875
2025-08-27,167.1300048828125,747.3800048828125,506.739990234375,181.5897674560547,156.72000122070312
2025-08-28,168.5800018310547,751.1099853515625,509.6400146484375,180.1598358154297,158.1199951171875
2025-08-29,162.6300048828125,738.7000122070312,506.69000244140625,174.170166015625,156.7100067138672
2025-09-02,162.32000732421875,735.1099853515625,505.1199951171875,170.77037048339844,157.08999633789062
2025-09-03,162.1300048828125,737.0499877929688,505.3500061035156,170.61038208007812,154.89999389648438
2025-09-04,161.7899932861328,748.6500244140625,507.9700012207031,171.65032958984375,156.13999938964844
2025-09-05,151.13999938964844,752.4500122070312,495.0,167.01058959960938,153.11000061035156
2025-09-08,151.41000366210938,752.2999877929688,498.20001220703125,168.30050659179688,156.10000610351562
2025-09-09,155.82000732421875,765.7000122070312,498.4100036621094,170.7503662109375,162.36000061035156
2025-09-10,159.5399932861328,751.97998046875,500.3699951171875,177.32000732421875,166.74000549316406
2025-09-11,155.6699981689453,750.9000244140625,501.010009765625,177.1699981689453,164.36000061035156
2025-09-12,158.57000732421875,755.5900268554688,509.8999938964844,177.82000732421875,171.42999267578125
2025-09-15,,,,177.75,
2025-09-16,,776.9299926757812,510.0150146484375,174.72000122070312,170.44140625
